RMSE,MAE,R_squared,Hit Rate@5,NDCG@5,Hit Rate@10,NDCG@10,Hit Rate@20,NDCG@20
0.7351397285410376,0.6458003417443392,-110.8909079047348,0.018036072144288578,0.009515215156440845,0.036072144288577156,0.015193446090824791,0.06412825651302605,0.02236348807145618
